Post_ID,Post_Type,Likes,Shares,Comments,Reach,Date,Daytime,Engagement_Rate
Post_1,Video,5386,207,839,99751,2023-07-02,Afternoon,6.45
Post_2,Video,2226,881,1136,66144,2023-03-01,Evening,6.41
Post_3,Image,6448,430,1816,98333,2023-08-23,Evening,8.84
Post_4,Video,2049,637,1235,72600,2023-11-30,Morning,5.4
Post_5,Reels,3279,718,122,36594,2023-06-03,Morning,11.26
Post_6,Image,2981,814,745,41797,2023-03-14,Night,10.86
Post_7,Image,1006,452,39,25730,2023-10-05,Afternoon,5.82
Post_8,Reels,1798,505,548,32284,2023-03-03,Morning,8.83
Post_9,Video,3582,1374,1100,70155,2023-06-16,Night,8.63
Post_10,Text,401,112,106,5998,2023-09-17,Afternoon,10.32
Post_11,Reels,845,385,674,36159,2023-11-19,Morning,5.27
Post_12,Image,1501,957,471,56982,2023-09-15,Afternoon,5.14
Post_13,Image,2405,229,675,41602,2023-04-12,Morning,7.95
Post_14,Video,4165,1745,1319,90765,2023-01-26,Evening,7.96
Post_15,Video,1518,146,19,18623,2023-10-16,Evening,9.04
Post_16,Reels,1039,80,428,32039,2023-05-24,Afternoon,4.83
Post_17,Text,460,25,116,13746,2023-10-21,Afternoon,4.37
Post_18,Image,145,89,61,4571,2023-05-04,Morning,6.45
Post_19,Reels,3508,190,308,37971,2023-06-27,Afternoon,10.55
Post_20,Image,3929,1005,264,59436,2023-11-29,Night,8.75
Post_21,Carousel,2752,655,388,37586,2023-08-01,Morning,10.1
Post_22,Carousel,1079,458,314,28706,2023-05-30,Morning,6.45
Post_23,Carousel,2981,653,268,34923,2023-01-17,Morning,11.17
Post_24,Reels,846,35,166,8685,2023-07-12,Afternoon,12.06
Post_25,Reels,2500,298,705,43664,2023-10-01,Afternoon,8.02
Post_26,Image,3796,249,642,38534,2023-06-21,Afternoon,12.16
Post_27,Carousel,1618,38,433,21881,2023-11-07,Morning,9.55
Post_28,Text,1786,361,358,22364,2023-07-23,Afternoon,11.2
Post_29,Video,1537,516,744,45638,2023-02-04,Afternoon,6.13
Post_30,Carousel,656,470,103,43951,2023-03-17,Night,2.8
Post_31,Video,1555,691,425,61369,2023-09-09,Afternoon,4.35
Post_32,Carousel,1791,737,413,41160,2023-08-08,Morning,7.15
Post_33,Reels,2149,493,741,38623,2023-08-12,Afternoon,8.76
Post_34,Image,2832,82,478,65458,2023-05-22,Evening,5.18
Post_35,Carousel,576,69,56,7053,2023-08-12,Evening,9.94
Post_36,Video,2160,628,202,32186,2023-07-17,Night,9.29
Post_37,Reels,3877,477,653,47202,2023-12-31,Afternoon,10.61
Post_38,Carousel,1117,419,603,37727,2023-01-18,Night,5.67
Post_39,Video,4659,90,1042,63969,2023-04-06,Afternoon,9.05
Post_40,Reels,2667,282,500,39264,2023-10-20,Afternoon,8.78
Post_41,Video,449,72,14,4545,2023-02-20,Morning,11.77
Post_42,Reels,1318,390,338,20620,2023-05-30,Night,9.92
Post_43,Video,638,602,421,38707,2023-11-01,Afternoon,4.29
Post_44,Video,1657,944,654,49789,2023-05-02,Morning,6.54
Post_45,Reels,1161,222,304,22549,2023-04-23,Afternoon,7.48
Post_46,Video,3619,382,1387,87692,2023-02-12,Morning,6.14
Post_47,Image,2632,55,248,50676,2023-07-21,Night,5.79
Post_48,Video,2936,666,351,81034,2023-01-21,Night,4.88
Post_49,Carousel,2403,864,940,49127,2023-02-02,Afternoon,8.56
Post_50,Carousel,1223,530,141,32661,2023-04-30,Morning,5.8
Post_51,Video,6767,814,1219,69266,2023-08-24,Afternoon,12.7
Post_52,Reels,452,223,172,19383,2023-02-06,Afternoon,4.37
Post_53,Video,711,653,362,39869,2023-11-06,Night,4.33
Post_54,Reels,429,105,258,16255,2023-08-04,Evening,4.87
Post_55,Image,780,149,18,18166,2023-01-15,Morning,5.21
Post_56,Carousel,31,8,1,626,2023-04-28,Morning,6.39
Post_57,Text,388,229,303,29508,2023-06-24,Morning,3.12
Post_58,Carousel,815,112,176,22133,2023-06-07,Night,4.98
Post_59,Image,1550,101,603,36382,2023-08-20,Afternoon,6.2
Post_60,Reels,1917,258,203,21144,2023-02-16,Morning,11.25
Post_61,Video,4405,602,735,54218,2023-04-13,Evening,10.59
Post_62,Video,827,149,115,9983,2023-05-10,Evening,10.93
Post_63,Image,637,253,899,54154,2023-10-29,Night,3.3
Post_64,Video,4353,453,404,67595,2023-05-14,Evening,7.71
Post_65,Video,9013,709,1393,99414,2023-01-19,Evening,11.18
Post_66,Video,3777,569,511,50343,2023-07-02,Night,9.65
Post_67,Reels,1620,57,80,22703,2023-12-03,Afternoon,7.74
Post_68,Video,1533,222,286,15527,2023-10-18,Morning,13.14
Post_69,Image,256,71,84,5058,2023-05-23,Evening,8.13
Post_70,Carousel,684,123,52,8186,2023-09-11,Afternoon,10.49
Post_71,Carousel,1840,367,287,38569,2023-12-23,Afternoon,6.47
Post_72,Image,3286,318,884,50967,2023-01-02,Afternoon,8.81
Post_73,Video,5549,972,873,60972,2023-01-19,Afternoon,12.13
Post_74,Carousel,1764,456,118,23479,2023-07-15,Morning,9.96
Post_75,Image,4661,1502,1468,81881,2023-03-25,Evening,9.32
Post_76,Carousel,170,115,124,12419,2023-05-27,Afternoon,3.29
Post_77,Video,1552,374,322,21600,2023-12-18,Afternoon,10.41
Post_78,Video,1411,962,1200,64334,2023-02-19,Night,5.55
Post_79,Carousel,388,89,296,15167,2023-06-21,Morning,5.1
Post_80,Video,180,181,118,10842,2023-09-30,Night,4.42
Post_81,Carousel,1432,621,625,33857,2023-04-30,Afternoon,7.91
Post_82,Text,482,286,123,26175,2023-11-24,Morning,3.4
Post_83,Image,3136,500,623,35686,2023-07-06,Afternoon,11.93
Post_84,Image,5358,1276,868,72902,2023-03-14,Afternoon,10.29
Post_85,Carousel,4108,660,226,45947,2023-02-11,Evening,10.87
Post_86,Image,5025,753,711,90766,2023-12-08,Evening,7.15
Post_87,Image,1031,87,207,15904,2023-07-31,Evening,8.33
Post_88,Image,2924,1217,1004,67829,2023-07-25,Morning,7.59
Post_89,Video,653,114,111,11945,2023-04-13,Morning,7.35
Post_90,Carousel,2973,473,470,41384,2023-02-10,Afternoon,9.46
Post_91,Video,763,357,219,28671,2023-01-02,Evening,4.67
Post_92,Reels,1580,722,645,48478,2023-08-12,Afternoon,6.08
Post_93,Reels,347,210,51,12556,2023-11-21,Afternoon,4.84
Post_94,Image,5187,1014,306,54491,2023-02-15,Evening,11.94
Post_95,Carousel,4587,728,685,49863,2023-01-15,Evening,12.03
Post_96,Video,1362,60,139,17452,2023-04-11,Afternoon,8.94
Post_97,Video,1266,282,208,18280,2023-11-12,Evening,9.61
Post_98,Reels,1202,129,61,22628,2023-07-20,Morning,6.15
Post_99,Carousel,2563,377,311,38891,2023-09-05,Morning,8.36
Post_100,Video,1209,386,908,68331,2023-02-01,Morning,3.66
Post_101,Reels,2003,358,73,34177,2023-09-01,Afternoon,7.12
Post_102,Carousel,720,190,447,28583,2023-11-23,Afternoon,4.75
Post_103,Image,7966,806,439,89090,2023-07-09,Morning,10.34
Post_104,Reels,2997,337,582,33405,2023-12-30,Morning,11.72
Post_105,Carousel,190,29,6,2979,2023-12-12,Evening,7.55
Post_106,Image,6672,1311,87,72540,2023-11-09,Afternoon,11.12
Post_107,Video,4629,384,1074,59093,2023-09-25,Evening,10.3
Post_108,Image,795,288,261,21688,2023-11-03,Morning,6.2
Post_109,Video,7502,1721,1290,99158,2023-06-19,Evening,10.6
Post_110,Reels,1914,325,405,25309,2023-07-16,Night,10.45
Post_111,Carousel,547,154,102,24808,2023-04-30,Morning,3.24
Post_112,Reels,270,82,356,19474,2023-04-30,Evening,3.64
Post_113,Reels,233,92,16,6662,2023-04-29,Afternoon,5.12
Post_114,Text,526,119,45,7067,2023-09-24,Afternoon,9.76
Post_115,Text,1228,218,121,12288,2023-07-08,Night,12.75
Post_116,Image,2408,1357,527,94311,2023-11-17,Morning,4.55
Post_117,Text,902,127,197,12508,2023-03-22,Afternoon,9.8
Post_118,Video,884,154,134,25247,2023-08-16,Night,4.64
Post_119,Reels,915,283,143,17875,2023-04-02,Afternoon,7.5
Post_120,Carousel,818,234,142,42474,2023-06-27,Morning,2.81
Post_121,Video,583,75,102,6843,2023-05-24,Afternoon,11.11
Post_122,Carousel,110,105,44,5899,2023-07-30,Morning,4.39
Post_123,Image,3186,556,214,45206,2023-05-30,Evening,8.75
Post_124,Image,5314,288,504,76575,2023-05-24,Afternoon,7.97
Post_125,Reels,45,44,37,4321,2023-12-30,Afternoon,2.92
Post_126,Carousel,27,5,3,511,2023-11-17,Afternoon,6.85
Post_127,Carousel,600,60,50,7531,2023-02-21,Morning,9.43
Post_128,Video,156,51,73,15308,2023-09-22,Morning,1.83
Post_129,Image,5916,575,1394,86015,2023-09-19,Evening,9.17
Post_130,Text,2733,414,273,41570,2023-08-19,Afternoon,8.23
Post_131,Video,6460,1320,1780,98108,2023-05-14,Afternoon,9.74
Post_132,Reels,3163,120,905,45393,2023-03-28,Evening,9.23
Post_133,Image,3567,507,763,45170,2023-12-23,Morning,10.71
Post_134,Carousel,401,19,221,13898,2023-07-12,Evening,4.61
Post_135,Carousel,4066,172,399,44794,2023-05-15,Afternoon,10.35
Post_136,Reels,3818,314,681,44109,2023-05-20,Morning,10.91
Post_137,Video,7311,905,317,93529,2023-05-31,Morning,9.12
Post_138,Video,2103,130,445,34573,2023-08-27,Morning,7.75
Post_139,Reels,4310,659,713,46105,2023-07-04,Evening,12.32
Post_140,Image,8003,1783,510,99056,2023-02-16,Morning,10.39
Post_141,Reels,3567,533,749,44697,2023-12-10,Evening,10.85
Post_142,Carousel,366,20,22,5160,2023-01-03,Morning,7.91
Post_143,Reels,874,528,337,35381,2023-07-18,Afternoon,4.92
Post_144,Image,2048,166,203,22430,2023-12-13,Afternoon,10.78
Post_145,Reels,874,54,158,20764,2023-07-08,Afternoon,5.23
Post_146,Image,1147,153,374,18999,2023-12-05,Afternoon,8.81
Post_147,Video,2500,754,1500,77192,2023-01-07,Morning,6.16
Post_148,Video,2759,580,423,67349,2023-06-22,Morning,5.59
Post_149,Video,1771,213,754,51094,2023-04-16,Evening,5.36
Post_150,Video,4180,422,866,52499,2023-04-23,Afternoon,10.42
Post_151,Video,2547,234,454,29331,2023-03-06,Morning,11.03
Post_152,Video,5368,1424,1344,79855,2023-04-07,Morning,10.19
Post_153,Video,5720,95,438,71908,2023-05-01,Afternoon,8.7
Post_154,Video,1987,652,282,47861,2023-05-06,Afternoon,6.1
Post_155,Video,1074,242,397,22467,2023-04-16,Afternoon,7.62
Post_156,Image,3078,158,1177,64473,2023-12-03,Afternoon,6.84
Post_157,Carousel,1784,306,235,23782,2023-07-05,Afternoon,9.78
Post_158,Reels,1943,138,59,20045,2023-07-11,Morning,10.68
Post_159,Image,1675,24,88,23468,2023-02-09,Morning,7.61
Post_160,Video,892,878,750,48249,2023-06-01,Afternoon,5.22
Post_161,Reels,3423,180,306,45079,2023-06-22,Morning,8.67
Post_162,Reels,3396,662,99,48912,2023-01-21,Morning,8.5
Post_163,Video,3873,893,990,53003,2023-06-22,Afternoon,10.86
Post_164,Reels,331,170,284,20462,2023-07-24,Morning,3.84
Post_165,Video,6153,1172,1514,79003,2023-04-11,Afternoon,11.19
Post_166,Image,3506,1151,251,64088,2023-06-18,Evening,7.66
Post_167,Video,3585,462,448,87769,2023-11-22,Night,5.12
Post_168,Image,228,154,157,9776,2023-10-26,Afternoon,5.51
Post_169,Carousel,2793,89,61,30123,2023-07-23,Afternoon,9.77
Post_170,Carousel,615,191,239,15630,2023-02-18,Afternoon,6.69
Post_171,Reels,3196,107,338,45441,2023-11-06,Afternoon,8.01
Post_172,Carousel,103,43,39,2739,2023-08-23,Evening,6.75
Post_173,Image,4936,795,516,71134,2023-08-04,Afternoon,8.78
Post_174,Video,4100,1027,1588,90074,2023-12-24,Afternoon,7.45
Post_175,Carousel,1555,337,328,18137,2023-07-20,Evening,12.24
Post_176,Reels,177,152,31,7890,2023-12-30,Afternoon,4.56
Post_177,Video,1321,280,111,26551,2023-04-25,Morning,6.45
Post_178,Image,3189,399,549,34525,2023-02-14,Morning,11.98
Post_179,Video,8632,280,1207,91896,2023-10-17,Afternoon,11.01
Post_180,Text,1791,69,91,23533,2023-08-06,Afternoon,8.29
Post_181,Image,7580,1456,1012,84837,2023-12-17,Afternoon,11.84
Post_182,Video,2117,1078,1755,98056,2023-08-23,Morning,5.05
Post_183,Carousel,635,305,53,17362,2023-10-12,Morning,5.72
Post_184,Image,2789,103,1243,99728,2023-11-05,Afternoon,4.15
Post_185,Image,5990,837,865,99733,2023-04-26,Morning,7.71
Post_186,Reels,1041,53,414,23914,2023-09-08,Afternoon,6.31
Post_187,Video,418,251,80,14186,2023-11-18,Afternoon,5.28
Post_188,Carousel,3030,255,149,45915,2023-08-11,Night,7.48
Post_189,Image,3269,396,607,39705,2023-05-22,Morning,10.76
Post_190,Video,1209,197,17,12598,2023-05-10,Evening,11.3
Post_191,Video,1121,563,1026,72421,2023-12-26,Afternoon,3.74
Post_192,Video,592,419,801,44947,2023-09-30,Afternoon,4.03
Post_193,Video,2966,698,1134,84387,2023-05-08,Morning,5.69
Post_194,Video,3619,347,538,85596,2023-03-13,Afternoon,5.26
Post_195,Image,3895,1587,847,83970,2023-07-24,Evening,7.54
Post_196,Carousel,1131,307,40,26404,2023-04-24,Afternoon,5.6
Post_197,Text,2303,474,228,28937,2023-04-29,Morning,10.38
Post_198,Image,275,41,12,2892,2023-06-17,Night,11.34
Post_199,Video,159,3,12,1973,2023-12-01,Night,8.82
Post_200,Text,446,475,762,39896,2023-07-02,Afternoon,4.22
Post_201,Image,2755,345,773,55617,2023-08-22,Afternoon,6.96
Post_202,Video,3852,229,677,42069,2023-12-01,Evening,11.31
Post_203,Image,2474,387,875,50471,2023-05-22,Afternoon,7.4
Post_204,Video,7920,642,1704,88584,2023-12-04,Afternoon,11.59
Post_205,Image,190,28,25,2355,2023-05-27,Morning,10.32
Post_206,Carousel,1962,688,91,48399,2023-02-26,Afternoon,5.66
Post_207,Text,1311,104,150,21686,2023-10-24,Afternoon,7.22
Post_208,Reels,490,141,261,17285,2023-08-20,Afternoon,5.16
Post_209,Video,1313,641,396,39779,2023-03-08,Afternoon,5.91
Post_210,Video,5543,310,384,62279,2023-11-24,Morning,10.01
Post_211,Reels,1333,491,417,29152,2023-10-27,Afternoon,7.69
Post_212,Carousel,3507,640,131,35526,2023-12-28,Afternoon,12.04
Post_213,Video,677,283,35,27459,2023-02-03,Morning,3.62
Post_214,Carousel,4791,947,114,48667,2023-01-03,Evening,12.02
Post_215,Video,4807,623,328,58469,2023-02-15,Morning,9.85
Post_216,Reels,2610,274,435,33145,2023-02-02,Afternoon,10.01
Post_217,Image,3290,235,1054,56530,2023-10-23,Evening,8.1
Post_218,Image,9116,960,1110,92151,2023-06-18,Evening,12.14
Post_219,Reels,2632,520,99,46171,2023-07-04,Evening,7.04
Post_220,Video,807,1380,842,69236,2023-04-14,Night,4.37
Post_221,Carousel,385,120,73,17700,2023-07-10,Afternoon,3.27
Post_222,Image,57,8,12,1189,2023-04-25,Morning,6.48
Post_223,Image,2228,985,354,64308,2023-07-07,Afternoon,5.55
Post_224,Text,321,246,373,22843,2023-05-08,Morning,4.12
Post_225,Image,8557,859,469,92480,2023-10-27,Evening,10.69
Post_226,Image,6136,1034,1263,98196,2023-11-21,Afternoon,8.59
Post_227,Carousel,338,352,100,20125,2023-04-09,Afternoon,3.93
Post_228,Image,176,34,43,2252,2023-01-28,Morning,11.23
Post_229,Carousel,728,205,189,14077,2023-08-19,Afternoon,7.97
Post_230,Carousel,730,300,182,16281,2023-02-20,Afternoon,7.44
Post_231,Text,1437,179,34,14531,2023-04-20,Afternoon,11.36
Post_232,Image,413,272,335,21406,2023-03-14,Morning,4.77
Post_233,Carousel,323,12,60,4955,2023-07-05,Evening,7.97
Post_234,Video,1138,136,590,50175,2023-09-11,Morning,3.71
Post_235,Carousel,610,45,108,9278,2023-04-23,Afternoon,8.22
Post_236,Reels,2055,209,305,20950,2023-08-01,Afternoon,12.26
Post_237,Video,714,586,168,37807,2023-12-23,Morning,3.88
Post_238,Carousel,322,352,273,21775,2023-12-10,Afternoon,4.35
Post_239,Text,496,118,124,8081,2023-02-02,Morning,9.13
Post_240,Image,1996,828,654,42143,2023-07-11,Morning,8.25
Post_241,Carousel,3529,344,112,39894,2023-03-03,Morning,9.99
Post_242,Video,1939,692,471,36299,2023-06-02,Afternoon,8.55
Post_243,Reels,749,257,201,18822,2023-10-06,Afternoon,6.41
Post_244,Reels,973,735,604,43094,2023-03-13,Afternoon,5.37
Post_245,Reels,187,223,240,15059,2023-12-07,Morning,4.32
Post_246,Image,506,152,13,8994,2023-10-15,Night,7.46
Post_247,Carousel,2386,344,807,44255,2023-09-16,Night,7.99
Post_248,Image,704,60,155,8777,2023-12-29,Night,10.47
Post_249,Image,702,437,236,24561,2023-01-03,Afternoon,5.6
Post_250,Reels,608,234,39,12422,2023-06-26,Evening,7.09
Post_251,Video,19,21,18,1294,2023-04-15,Evening,4.48
Post_252,Video,1950,495,373,33125,2023-02-22,Morning,8.51
Post_253,Text,1773,64,671,34756,2023-01-04,Morning,7.22
Post_254,Video,4639,217,1326,81927,2023-01-30,Afternoon,7.55
Post_255,Image,281,155,26,14764,2023-02-28,Afternoon,3.13
Post_256,Image,1562,197,77,25232,2023-05-11,Afternoon,7.28
Post_257,Reels,946,600,107,35366,2023-05-01,Afternoon,4.67
Post_258,Video,5285,660,837,58654,2023-06-16,Afternoon,11.56
Post_259,Reels,343,15,117,15610,2023-12-29,Evening,3.04
Post_260,Carousel,1506,41,189,19478,2023-12-19,Afternoon,8.91
Post_261,Carousel,957,65,510,29762,2023-12-05,Evening,5.15
Post_262,Carousel,888,280,542,34687,2023-05-26,Afternoon,4.93
Post_263,Video,2750,233,513,46004,2023-02-08,Morning,7.6
Post_264,Video,291,333,102,16860,2023-12-10,Afternoon,4.31
Post_265,Reels,1839,63,82,19123,2023-01-25,Evening,10.37
Post_266,Video,7834,142,1794,91166,2023-08-05,Morning,10.72
Post_267,Reels,236,58,42,4724,2023-11-12,Morning,7.11
Post_268,Text,567,63,80,6125,2023-03-10,Morning,11.59
Post_269,Image,5142,1075,1020,58882,2023-08-19,Evening,12.29
Post_270,Video,3285,850,474,52331,2023-05-24,Morning,8.81
Post_271,Reels,295,190,154,14077,2023-11-22,Afternoon,4.54
Post_272,Video,2597,172,178,27369,2023-12-06,Afternoon,10.77
Post_273,Image,463,67,87,4647,2023-12-04,Afternoon,13.28
Post_274,Carousel,2545,748,595,48624,2023-09-29,Evening,8.0
Post_275,Reels,3373,760,487,42774,2023-05-08,Afternoon,10.8
Post_276,Video,1989,633,1097,75814,2023-05-13,Morning,4.91
Post_277,Video,6939,785,210,70483,2023-06-06,Afternoon,11.26
Post_278,Video,177,43,52,2988,2023-07-17,Morning,9.1
Post_279,Video,5023,144,241,59506,2023-12-05,Evening,9.09
Post_280,Reels,1828,399,769,47213,2023-09-02,Evening,6.35
Post_281,Video,1228,399,691,37796,2023-02-15,Night,6.13
Post_282,Video,2136,317,113,37218,2023-02-24,Afternoon,6.89
Post_283,Video,7229,1301,616,79830,2023-07-09,Morning,11.46
Post_284,Carousel,673,38,46,8971,2023-06-22,Afternoon,8.44
Post_285,Image,4928,1025,1123,63827,2023-03-18,Afternoon,11.09
Post_286,Video,6128,481,785,64331,2023-09-06,Afternoon,11.49
Post_287,Image,1608,40,191,18038,2023-02-19,Morning,10.2
Post_288,Video,1579,825,466,68970,2023-10-16,Afternoon,4.16
Post_289,Carousel,4136,549,415,45148,2023-12-06,Morning,11.3
Post_290,Video,721,178,80,9199,2023-03-29,Morning,10.64
Post_291,Carousel,832,228,299,43833,2023-05-10,Evening,3.1
Post_292,Text,1074,399,278,43429,2023-01-24,Morning,4.03
Post_293,Reels,1323,197,73,14759,2023-01-10,Morning,10.79
Post_294,Image,115,28,41,3696,2023-06-27,Evening,4.98
Post_295,Reels,257,458,432,23315,2023-02-07,Morning,4.92
Post_296,Image,617,222,50,14603,2023-08-31,Evening,6.09
Post_297,Video,2020,431,285,31201,2023-07-20,Afternoon,8.77
Post_298,Video,1513,321,86,20205,2023-11-05,Evening,9.5
Post_299,Video,2558,1078,73,69770,2023-03-29,Afternoon,5.32
Post_300,Text,1941,399,153,33061,2023-04-16,Evening,7.54
Post_301,Text,572,458,602,37183,2023-06-28,Evening,4.39
Post_302,Video,4762,569,100,51016,2023-09-27,Evening,10.65
Post_303,Video,4816,373,394,72915,2023-08-21,Afternoon,7.66
Post_304,Carousel,3203,646,53,40822,2023-08-20,Night,9.56
Post_305,Video,1779,428,100,47171,2023-04-10,Evening,4.89
Post_306,Text,272,35,142,9142,2023-01-12,Morning,4.91
Post_307,Reels,4085,574,748,49157,2023-04-07,Evening,11.0
Post_308,Image,561,527,65,36226,2023-06-11,Afternoon,3.18
Post_309,Text,890,691,260,38305,2023-03-17,Night,4.81
Post_310,Reels,3957,265,654,46323,2023-04-12,Morning,10.53
Post_311,Reels,652,209,189,13102,2023-11-10,Afternoon,8.01
Post_312,Reels,3716,380,58,43667,2023-04-04,Morning,9.51
Post_313,Reels,1394,114,114,22365,2023-08-03,Afternoon,7.25
Post_314,Image,7832,678,1719,93358,2023-02-05,Afternoon,10.96
Post_315,Text,3755,311,597,42204,2023-06-20,Afternoon,11.05
Post_316,Image,1343,514,457,34052,2023-10-02,Afternoon,6.8
Post_317,Video,6439,1072,1053,97215,2023-04-21,Afternoon,8.81
Post_318,Reels,876,404,172,31539,2023-04-26,Afternoon,4.6
Post_319,Image,337,146,164,16450,2023-05-12,Afternoon,3.93
Post_320,Carousel,1010,83,194,17997,2023-03-05,Evening,7.15
Post_321,Image,5652,1936,1734,99418,2023-01-14,Afternoon,9.38
Post_322,Carousel,2244,130,744,49058,2023-01-22,Afternoon,6.36
Post_323,Carousel,1559,156,273,19796,2023-05-16,Evening,10.04
Post_324,Reels,1057,772,671,39726,2023-08-25,Afternoon,6.29
Post_325,Video,1962,729,811,73599,2023-05-18,Afternoon,4.76
Post_326,Video,2058,126,76,23353,2023-01-26,Afternoon,9.68
Post_327,Text,453,185,199,13063,2023-12-25,Afternoon,6.41
Post_328,Image,4220,1579,1751,91829,2023-04-12,Evening,8.22
Post_329,Image,1094,99,285,34962,2023-05-29,Morning,4.23
Post_330,Carousel,14,7,3,523,2023-08-14,Morning,4.59
Post_331,Reels,806,189,381,24295,2023-06-01,Morning,5.66
Post_332,Video,4303,271,856,87707,2023-06-21,Evening,6.19
Post_333,Image,1360,91,253,27492,2023-08-09,Afternoon,6.2
Post_334,Text,689,166,127,10193,2023-06-12,Afternoon,9.63
Post_335,Text,377,142,176,12850,2023-12-31,Afternoon,5.41
Post_336,Carousel,3530,323,717,46307,2023-09-30,Afternoon,9.87
Post_337,Video,6780,853,1340,84916,2023-12-08,Morning,10.57
Post_338,Carousel,410,114,146,7811,2023-09-09,Morning,8.58
Post_339,Carousel,253,27,56,3255,2023-01-05,Evening,10.32
Post_340,Video,2289,938,902,58287,2023-10-17,Evening,7.08
Post_341,Text,1606,252,312,26748,2023-10-24,Afternoon,8.11
Post_342,Video,4048,704,244,63613,2023-05-25,Evening,7.85
Post_343,Reels,2885,394,333,40464,2023-02-26,Morning,8.93
Post_344,Image,1057,426,381,25672,2023-06-03,Morning,7.26
Post_345,Carousel,909,109,25,14575,2023-09-14,Afternoon,7.16
Post_346,Image,316,283,245,24939,2023-11-11,Evening,3.38
Post_347,Image,848,34,245,14686,2023-08-21,Night,7.67
Post_348,Reels,262,28,31,3806,2023-10-09,Afternoon,8.43
Post_349,Video,529,67,88,18832,2023-11-04,Night,3.63
Post_350,Text,325,486,175,31536,2023-03-03,Evening,3.13
Post_351,Image,170,35,26,2699,2023-11-15,Afternoon,8.56
Post_352,Text,1314,29,27,13730,2023-01-09,Morning,9.98
Post_353,Carousel,2853,185,83,35883,2023-04-25,Morning,8.7
Post_354,Carousel,4074,78,814,46903,2023-03-28,Morning,10.59
Post_355,Image,7628,818,1398,83748,2023-09-19,Morning,11.75
Post_356,Video,545,32,45,11383,2023-04-03,Afternoon,5.46
Post_357,Reels,592,218,162,11292,2023-11-26,Afternoon,8.61
Post_358,Carousel,2433,354,205,48789,2023-05-06,Morning,6.13
Post_359,Carousel,1205,83,81,49720,2023-10-09,Afternoon,2.75
Post_360,Reels,210,37,8,2650,2023-08-16,Morning,9.62
Post_361,Video,675,215,171,14908,2023-02-06,Afternoon,7.12
Post_362,Carousel,1522,564,387,42431,2023-06-02,Afternoon,5.83
Post_363,Video,505,852,380,42875,2023-11-29,Evening,4.05
Post_364,Video,2539,39,355,26188,2023-02-23,Morning,11.2
Post_365,Carousel,30,30,28,2137,2023-10-15,Morning,4.12
Post_366,Carousel,460,81,91,4690,2023-01-30,Morning,13.48
Post_367,Image,1259,1602,692,80466,2023-02-01,Afternoon,4.42
Post_368,Reels,56,13,23,2731,2023-10-01,Morning,3.37
Post_369,Image,3367,1292,77,77871,2023-05-16,Afternoon,6.08
Post_370,Video,2948,604,442,45284,2023-11-30,Afternoon,8.82
Post_371,Video,187,126,12,8127,2023-08-29,Evening,4.0
Post_372,Text,2134,448,142,26904,2023-07-24,Morning,10.12
Post_373,Reels,734,185,79,11728,2023-07-14,Morning,8.51
Post_374,Image,9005,334,1554,90840,2023-04-11,Morning,11.99
Post_375,Carousel,790,182,107,10133,2023-12-26,Morning,10.65
Post_376,Text,827,150,159,11300,2023-10-08,Morning,10.05
Post_377,Text,207,94,12,7738,2023-08-11,Afternoon,4.04
Post_378,Text,3152,489,358,44495,2023-07-10,Morning,8.99
Post_379,Video,1974,791,675,77341,2023-09-16,Afternoon,4.45
Post_380,Image,2006,649,220,81649,2023-11-08,Evening,3.52
Post_381,Reels,812,99,391,20952,2023-02-17,Morning,6.21
Post_382,Image,2208,403,359,22131,2023-09-19,Morning,13.42
Post_383,Carousel,1022,57,308,15610,2023-02-27,Morning,8.89
Post_384,Reels,1032,240,749,46765,2023-05-13,Afternoon,4.32
Post_385,Carousel,768,789,576,47732,2023-07-25,Afternoon,4.47
Post_386,Image,1422,226,182,50194,2023-01-31,Afternoon,3.65
Post_387,Video,108,20,59,4430,2023-06-20,Afternoon,4.22
Post_388,Image,2942,381,745,47840,2023-05-28,Afternoon,8.5
Post_389,Carousel,680,107,146,7728,2023-01-10,Morning,12.07
Post_390,Video,1332,504,247,89032,2023-05-15,Evening,2.34
Post_391,Video,1909,303,401,21346,2023-02-09,Morning,12.24
Post_392,Image,688,218,372,31385,2023-05-04,Morning,4.07
Post_393,Reels,685,530,371,40338,2023-10-07,Morning,3.93
Post_394,Carousel,3058,589,151,47966,2023-03-15,Afternoon,7.92
Post_395,Video,625,142,147,7847,2023-11-22,Afternoon,11.65
Post_396,Video,5474,1739,1158,92199,2023-07-16,Morning,9.08
Post_397,Reels,2865,810,203,44580,2023-04-23,Evening,8.7
Post_398,Reels,612,341,439,23001,2023-04-22,Morning,6.05
Post_399,Video,3966,322,898,55544,2023-11-21,Night,9.34
Post_400,Video,284,13,147,8770,2023-05-20,Afternoon,5.06
Post_401,Text,799,310,125,15763,2023-06-18,Morning,7.83
Post_402,Image,1042,43,53,11754,2023-08-17,Evening,9.68
Post_403,Text,1234,374,26,19226,2023-08-19,Night,8.5
Post_404,Carousel,3415,409,830,43285,2023-02-12,Evening,10.75
Post_405,Video,442,127,408,23446,2023-02-04,Afternoon,4.17
Post_406,Video,4056,1136,1279,76561,2023-01-01,Afternoon,8.45
Post_407,Text,2755,544,631,32151,2023-10-11,Evening,12.22
Post_408,Image,7344,1143,693,80863,2023-11-02,Afternoon,11.35
Post_409,Reels,329,29,81,5301,2023-07-18,Afternoon,8.28
Post_410,Video,1429,214,442,29157,2023-04-30,Evening,7.15
Post_411,Video,939,607,51,30975,2023-08-21,Evening,5.16
Post_412,Reels,1834,531,303,40925,2023-03-12,Afternoon,6.52
Post_413,Carousel,1315,432,124,36253,2023-02-06,Evening,5.16
Post_414,Reels,147,138,53,10119,2023-10-31,Morning,3.34
Post_415,Video,3683,299,601,59545,2023-05-25,Evening,7.7
Post_416,Text,1182,199,133,20072,2023-12-30,Night,7.54
Post_417,Video,397,55,197,11492,2023-07-29,Afternoon,5.65
Post_418,Carousel,917,351,180,19086,2023-03-04,Evening,7.59
Post_419,Image,4100,737,194,55108,2023-11-13,Afternoon,9.13
Post_420,Reels,642,215,85,11169,2023-11-06,Morning,8.43
Post_421,Carousel,1939,611,516,41560,2023-04-18,Evening,7.38
Post_422,Image,5804,342,118,62083,2023-01-30,Evening,10.09
Post_423,Text,2564,84,289,27534,2023-02-01,Afternoon,10.67
Post_424,Video,591,85,111,6405,2023-05-21,Afternoon,12.29
Post_425,Reels,225,57,56,11589,2023-09-10,Night,2.92
Post_426,Reels,3237,655,124,44087,2023-11-18,Afternoon,9.11
Post_427,Reels,453,37,21,7385,2023-03-23,Evening,6.92
Post_428,Video,4480,580,351,52642,2023-04-11,Afternoon,10.28
Post_429,Reels,516,339,181,38787,2023-01-26,Evening,2.67
Post_430,Text,1286,451,359,33092,2023-06-25,Afternoon,6.33
Post_431,Video,1049,223,169,14975,2023-10-22,Morning,9.62
Post_432,Video,2440,942,756,62947,2023-08-27,Evening,6.57
Post_433,Reels,3310,430,254,47097,2023-10-15,Afternoon,8.48
Post_434,Reels,1177,292,315,28704,2023-11-16,Evening,6.22
Post_435,Carousel,1542,413,493,30570,2023-02-06,Morning,8.01
Post_436,Reels,475,57,82,4818,2023-03-12,Evening,12.74
Post_437,Video,5736,469,1359,82754,2023-10-02,Morning,9.14
Post_438,Reels,868,119,151,9408,2023-08-11,Morning,12.1
Post_439,Carousel,1360,125,351,32503,2023-10-22,Afternoon,5.65
Post_440,Video,321,75,101,7172,2023-04-08,Evening,6.93
Post_441,Video,1859,1222,734,68486,2023-07-04,Evening,5.57
Post_442,Text,246,3,6,2701,2023-04-06,Afternoon,9.44
Post_443,Video,3906,953,785,72915,2023-04-30,Afternoon,7.74
Post_444,Carousel,1124,254,169,19566,2023-02-18,Night,7.91
Post_445,Image,2528,52,794,41379,2023-08-19,Afternoon,8.15
Post_446,Image,2815,374,636,38257,2023-01-14,Morning,10.0
Post_447,Image,4346,652,945,78936,2023-05-05,Night,7.53
Post_448,Carousel,220,87,46,4912,2023-03-08,Afternoon,7.19
Post_449,Reels,273,75,62,4992,2023-01-19,Evening,8.21
Post_450,Carousel,540,614,580,34230,2023-04-23,Night,5.07
Post_451,Video,2878,446,331,33416,2023-02-07,Night,10.94
Post_452,Video,2786,503,349,34227,2023-02-02,Morning,10.63
Post_453,Image,7099,908,201,85541,2023-04-14,Evening,9.6
Post_454,Video,1823,343,705,63286,2023-06-26,Afternoon,4.54
Post_455,Carousel,104,74,180,9046,2023-05-03,Afternoon,3.96
Post_456,Video,2242,369,470,40366,2023-12-18,Morning,7.63
Post_457,Video,160,55,19,2960,2023-02-09,Afternoon,7.91
Post_458,Video,4518,1514,690,76150,2023-06-26,Night,8.83
Post_459,Video,3288,537,256,48599,2023-09-24,Morning,8.4
Post_460,Reels,2888,359,253,35085,2023-08-11,Night,9.98
Post_461,Video,2845,467,252,28736,2023-03-29,Evening,12.4
Post_462,Reels,1082,378,400,31473,2023-08-31,Afternoon,5.91
Post_463,Reels,137,34,95,5398,2023-10-04,Afternoon,4.93
Post_464,Reels,1238,107,241,14195,2023-09-22,Afternoon,11.17
Post_465,Carousel,31,10,6,602,2023-08-02,Afternoon,7.81
Post_466,Reels,2679,271,272,28070,2023-10-22,Afternoon,11.48
Post_467,Reels,246,58,52,3039,2023-10-01,Afternoon,11.71
Post_468,Video,3835,1037,1088,59300,2023-05-09,Afternoon,10.05
Post_469,Image,232,45,55,4047,2023-06-04,Morning,8.2
Post_470,Video,2328,501,563,81487,2023-08-09,Afternoon,4.16
Post_471,Video,2251,74,225,26777,2023-12-22,Morning,9.52
Post_472,Carousel,2570,612,542,47928,2023-10-04,Afternoon,7.77
Post_473,Video,8562,456,1275,86203,2023-04-27,Morning,11.94
Post_474,Carousel,855,237,208,15612,2023-10-10,Afternoon,8.33
Post_475,Video,324,161,287,22450,2023-06-23,Night,3.44
Post_476,Carousel,958,343,391,20035,2023-07-23,Afternoon,8.45
Post_477,Carousel,1138,378,188,21403,2023-10-10,Morning,7.96
Post_478,Video,752,366,297,29704,2023-01-07,Afternoon,4.76
Post_479,Image,7222,397,1221,81756,2023-04-04,Morning,10.81
Post_480,Carousel,526,82,35,5290,2023-03-03,Afternoon,12.16
Post_481,Video,1723,662,919,51792,2023-03-09,Afternoon,6.38
Post_482,Image,2926,1563,1053,90524,2023-03-08,Morning,6.12
Post_483,Image,135,31,19,1977,2023-01-27,Afternoon,9.36
Post_484,Carousel,2011,470,426,44565,2023-06-22,Afternoon,6.52
Post_485,Reels,1571,781,744,45448,2023-09-10,Evening,6.81
Post_486,Image,4185,257,768,44052,2023-02-05,Morning,11.83
Post_487,Video,911,301,825,67149,2023-10-11,Evening,3.03
Post_488,Reels,968,560,391,49055,2023-01-30,Afternoon,3.91
Post_489,Video,3316,580,196,33196,2023-01-06,Morning,12.33
Post_490,Video,2182,1084,548,57310,2023-10-02,Afternoon,6.66
Post_491,Reels,3643,620,157,48606,2023-06-17,Evening,9.09
Post_492,Image,3304,759,285,48521,2023-12-22,Morning,8.96
Post_493,Reels,694,251,224,36957,2023-02-14,Evening,3.16
Post_494,Video,1877,408,1095,84921,2023-10-12,Afternoon,3.98
Post_495,Video,4395,1789,451,98351,2023-10-27,Afternoon,6.75
Post_496,Video,7960,1386,1228,91498,2023-11-12,Morning,11.56
Post_497,Text,2690,518,249,33249,2023-07-02,Afternoon,10.4
Post_498,Video,2763,414,96,61419,2023-11-06,Afternoon,5.33
Post_499,Video,476,140,627,41965,2023-04-21,Afternoon,2.96
Post_500,Video,4471,526,990,55687,2023-09-24,Evening,10.75
Post_501,Reels,1855,367,363,20910,2023-06-25,Afternoon,12.36
Post_502,Reels,191,14,13,3297,2023-04-25,Afternoon,6.61
Post_503,Carousel,3614,350,634,49645,2023-01-26,Afternoon,9.26
Post_504,Video,3352,830,1716,95659,2023-02-06,Evening,6.17
Post_505,Text,3517,464,154,49189,2023-01-10,Evening,8.41
Post_506,Reels,244,93,131,12972,2023-02-16,Evening,3.61
Post_507,Text,257,129,55,10988,2023-01-13,Morning,4.01
Post_508,Reels,3685,351,446,41099,2023-02-07,Evening,10.91
Post_509,Carousel,990,172,69,13416,2023-10-10,Morning,9.18
Post_510,Reels,808,187,303,24972,2023-07-24,Afternoon,5.2
Post_511,Video,8407,962,1772,96318,2023-05-27,Morning,11.57
Post_512,Reels,390,54,44,4792,2023-11-24,Night,10.18
Post_513,Carousel,500,360,68,18387,2023-12-24,Evening,5.05
Post_514,Carousel,3369,165,682,39815,2023-09-30,Afternoon,10.59
Post_515,Video,4868,537,595,49343,2023-12-05,Afternoon,12.16
Post_516,Video,2586,413,96,56762,2023-01-28,Afternoon,5.45
Post_517,Text,657,318,244,20025,2023-08-08,Morning,6.09
Post_518,Video,824,22,185,14330,2023-07-09,Evening,7.19
Post_519,Video,2598,372,202,35170,2023-05-05,Night,9.02
Post_520,Text,111,24,15,2203,2023-03-20,Night,6.81
Post_521,Video,973,578,432,97231,2023-03-07,Morning,2.04
Post_522,Image,866,338,88,26041,2023-12-13,Morning,4.96
Post_523,Reels,2286,557,304,36666,2023-07-29,Morning,8.58
Post_524,Image,4016,703,243,44964,2023-10-06,Night,11.04
Post_525,Video,1345,152,299,29356,2023-09-18,Morning,6.12
Post_526,Reels,1370,238,179,13900,2023-03-07,Afternoon,12.86
Post_527,Image,5192,863,598,85531,2023-08-08,Afternoon,7.78
Post_528,Image,866,123,173,11751,2023-06-04,Afternoon,9.89
Post_529,Video,1749,498,751,57075,2023-04-21,Evening,5.25
Post_530,Carousel,2635,547,565,40987,2023-11-19,Afternoon,9.14
Post_531,Video,1239,617,125,43525,2023-08-20,Morning,4.55
Post_532,Video,2524,1071,333,83224,2023-12-28,Evening,4.72
Post_533,Text,2118,249,224,24273,2023-02-18,Afternoon,10.67
Post_534,Image,3719,234,1302,71332,2023-04-10,Morning,7.37
Post_535,Video,4705,128,213,68993,2023-07-14,Afternoon,7.31
Post_536,Reels,1590,396,41,21901,2023-04-06,Night,9.26
Post_537,Carousel,3615,52,343,43020,2023-06-19,Evening,9.32
Post_538,Image,1964,295,415,63713,2023-09-01,Morning,4.2
Post_539,Video,127,64,108,5682,2023-08-10,Morning,5.26
Post_540,Reels,1408,297,299,17784,2023-04-13,Afternoon,11.27
Post_541,Reels,2175,808,604,43750,2023-07-19,Evening,8.2
Post_542,Image,4382,586,1022,63151,2023-01-07,Afternoon,9.49
Post_543,Reels,3138,72,353,33415,2023-06-04,Evening,10.66
Post_544,Image,5581,505,786,66745,2023-03-31,Night,10.3
Post_545,Image,5421,1926,469,99119,2023-07-13,Morning,7.89
Post_546,Image,381,154,155,8049,2023-03-19,Afternoon,8.57
Post_547,Video,3853,451,652,42359,2023-09-23,Morning,11.7
Post_548,Image,248,191,346,23202,2023-09-02,Morning,3.38
Post_549,Reels,1529,733,310,41183,2023-09-22,Afternoon,6.25
Post_550,Reels,143,27,34,1856,2023-12-08,Evening,10.99
Post_551,Video,1353,66,517,26092,2023-09-16,Evening,7.42
Post_552,Video,937,311,236,29644,2023-07-08,Morning,5.01
Post_553,Carousel,176,54,22,9188,2023-01-31,Night,2.74
Post_554,Carousel,1835,272,148,23402,2023-11-24,Night,9.64
Post_555,Image,6167,239,599,65937,2023-08-12,Morning,10.62
Post_556,Image,927,333,165,20906,2023-11-19,Evening,6.82
Post_557,Video,7384,112,1523,88146,2023-11-07,Morning,10.23
Post_558,Image,8131,1458,1641,99084,2023-09-04,Morning,11.33
Post_559,Video,1084,89,241,30173,2023-03-27,Morning,4.69
Post_560,Carousel,177,110,64,11189,2023-09-12,Morning,3.14
Post_561,Reels,2826,118,247,29652,2023-03-30,Night,10.76
Post_562,Video,3937,332,960,70373,2023-02-09,Night,7.43
Post_563,Reels,4401,168,222,44062,2023-05-17,Morning,10.87
Post_564,Video,66,53,12,2685,2023-09-25,Evening,4.88
Post_565,Reels,244,28,58,3366,2023-07-02,Afternoon,9.8
Post_566,Carousel,1920,55,57,39923,2023-06-01,Morning,5.09
Post_567,Carousel,554,177,214,15188,2023-01-17,Morning,6.22
Post_568,Image,507,742,185,44183,2023-03-12,Night,3.25
Post_569,Image,3722,595,915,46954,2023-04-20,Night,11.14
Post_570,Carousel,515,247,295,15577,2023-03-16,Evening,6.79
Post_571,Text,1786,143,675,46367,2023-10-10,Afternoon,5.62
Post_572,Carousel,1173,89,231,12783,2023-02-27,Evening,11.68
Post_573,Reels,441,167,33,9774,2023-01-10,Afternoon,6.56
Post_574,Image,4900,470,601,95052,2023-05-07,Afternoon,6.28
Post_575,Carousel,285,80,8,8221,2023-07-25,Afternoon,4.54
Post_576,Image,2964,133,116,61517,2023-11-30,Afternoon,5.22
Post_577,Carousel,2716,460,200,31112,2023-10-20,Evening,10.85
Post_578,Text,241,60,67,3505,2023-02-08,Night,10.5
Post_579,Reels,1400,171,167,15719,2023-03-01,Evening,11.06
Post_580,Image,222,6,51,4468,2023-04-05,Afternoon,6.24
Post_581,Video,1618,438,64,25244,2023-01-22,Afternoon,8.4
Post_582,Image,236,8,90,6637,2023-07-18,Morning,5.03
Post_583,Video,2765,963,200,84307,2023-10-04,Night,4.66
Post_584,Carousel,850,185,56,9637,2023-11-21,Evening,11.32
Post_585,Carousel,514,700,143,39064,2023-01-31,Afternoon,3.47
Post_586,Video,2459,1179,482,72032,2023-04-29,Evening,5.72
Post_587,Video,2334,249,669,98622,2023-12-10,Afternoon,3.3
Post_588,Video,3542,777,608,44051,2023-04-04,Evening,11.18
Post_589,Text,970,204,57,18927,2023-03-29,Evening,6.5
Post_590,Reels,423,184,193,11777,2023-12-21,Morning,6.79
Post_591,Carousel,28,8,7,544,2023-12-13,Afternoon,7.9
Post_592,Video,2515,688,1417,77612,2023-11-09,Night,5.95
Post_593,Carousel,1592,528,93,32804,2023-12-21,Evening,6.75
Post_594,Image,2993,1144,108,59584,2023-09-09,Morning,7.12
Post_595,Carousel,1101,74,246,13607,2023-03-26,Afternoon,10.44
Post_596,Video,6833,583,970,78339,2023-10-21,Afternoon,10.7
Post_597,Video,3202,130,524,38668,2023-07-12,Afternoon,9.97
Post_598,Video,2089,1398,1631,87642,2023-11-04,Evening,5.84
Post_599,Carousel,1228,191,184,24484,2023-01-06,Afternoon,6.55
Post_600,Video,118,33,34,1735,2023-09-20,Afternoon,10.66
Post_601,Carousel,3054,517,780,39671,2023-09-19,Evening,10.97
Post_602,Image,5302,1720,1176,96498,2023-02-16,Morning,8.5
Post_603,Carousel,1166,416,108,30364,2023-06-26,Afternoon,5.57
Post_604,Video,815,99,48,8425,2023-01-03,Afternoon,11.42
Post_605,Image,2092,69,403,23827,2023-04-23,Night,10.76
Post_606,Video,4100,889,575,50008,2023-08-10,Morning,11.13
Post_607,Video,220,330,116,20095,2023-04-14,Afternoon,3.31
Post_608,Carousel,3076,301,171,33552,2023-11-27,Afternoon,10.57
Post_609,Reels,1907,167,151,22978,2023-02-23,Morning,9.68
Post_610,Image,7451,835,1324,75876,2023-01-20,Morning,12.67
Post_611,Image,3980,226,79,54093,2023-05-23,Afternoon,7.92
Post_612,Image,1725,1404,1517,88944,2023-12-13,Night,5.22
Post_613,Carousel,833,114,68,13237,2023-03-02,Morning,7.67
Post_614,Video,3621,206,641,72780,2023-04-08,Afternoon,6.14
Post_615,Reels,569,105,43,8791,2023-10-01,Afternoon,8.16
Post_616,Video,159,92,91,5469,2023-08-24,Evening,6.25
Post_617,Reels,110,4,7,2049,2023-01-21,Evening,5.91
Post_618,Reels,2305,121,577,45831,2023-06-09,Night,6.55
Post_619,Video,4983,1282,535,76247,2023-03-27,Afternoon,8.92
Post_620,Carousel,815,563,124,43345,2023-06-05,Evening,3.47
Post_621,Video,3628,305,477,38768,2023-08-21,Night,11.38
Post_622,Video,2143,238,442,40065,2023-01-19,Afternoon,7.05
Post_623,Text,2795,284,119,41206,2023-06-05,Afternoon,7.76
Post_624,Text,194,55,83,6152,2023-03-19,Morning,5.4
Post_625,Carousel,1491,609,587,45358,2023-06-16,Afternoon,5.92
Post_626,Video,6743,1192,1358,71429,2023-12-27,Morning,13.01
Post_627,Reels,2193,611,192,36697,2023-12-16,Evening,8.16
Post_628,Text,116,77,57,4631,2023-08-11,Afternoon,5.4
Post_629,Video,2366,822,588,50518,2023-10-17,Morning,7.47
Post_630,Image,921,184,851,43445,2023-07-07,Morning,4.5
Post_631,Carousel,2544,490,433,30270,2023-08-02,Night,11.45
Post_632,Text,2098,321,208,25796,2023-01-03,Afternoon,10.18
Post_633,Text,315,100,103,28803,2023-04-29,Night,1.8
Post_634,Carousel,727,117,293,38349,2023-09-25,Evening,2.96
Post_635,Video,2070,516,109,26026,2023-07-11,Afternoon,10.36
Post_636,Image,1653,589,985,69493,2023-12-23,Afternoon,4.64
Post_637,Reels,2402,625,130,33293,2023-08-29,Night,9.48
Post_638,Reels,870,88,177,10475,2023-10-27,Afternoon,10.84
Post_639,Video,1196,999,682,74288,2023-05-14,Morning,3.87
Post_640,Video,7367,401,737,88933,2023-01-14,Morning,9.56
Post_641,Image,128,18,51,2773,2023-07-04,Evening,7.1
Post_642,Reels,1245,559,214,31064,2023-02-02,Morning,6.5
Post_643,Carousel,3292,837,422,46451,2023-03-13,Morning,9.8
Post_644,Carousel,644,387,369,20326,2023-05-03,Afternoon,6.89
Post_645,Image,5541,1437,602,90923,2023-10-26,Evening,8.34
Post_646,Text,1005,297,274,38687,2023-09-12,Afternoon,4.07
Post_647,Text,1229,299,147,15177,2023-06-07,Afternoon,11.04
Post_648,Reels,107,5,67,4202,2023-12-07,Afternoon,4.26
Post_649,Reels,286,208,217,14468,2023-05-25,Afternoon,4.91
Post_650,Reels,1476,430,232,38776,2023-02-09,Morning,5.51
Post_651,Carousel,2317,402,107,27621,2023-11-06,Evening,10.23
Post_652,Carousel,394,424,122,23489,2023-12-31,Afternoon,4.0
Post_653,Video,852,576,585,49417,2023-05-17,Afternoon,4.07
Post_654,Reels,596,66,347,18017,2023-03-23,Morning,5.6
Post_655,Carousel,1520,141,302,28549,2023-01-28,Evening,6.88
Post_656,Reels,1637,720,403,37790,2023-11-30,Night,7.3
Post_657,Text,1393,255,85,17284,2023-10-05,Afternoon,10.03
Post_658,Image,177,12,99,8141,2023-08-10,Evening,3.54
Post_659,Video,843,1141,788,63265,2023-06-21,Night,4.38
Post_660,Image,1725,386,199,21577,2023-02-16,Afternoon,10.71
Post_661,Image,2183,755,1397,86385,2023-09-12,Morning,5.02
Post_662,Carousel,545,43,372,29195,2023-06-23,Night,3.29
Post_663,Carousel,2256,538,657,38318,2023-01-18,Afternoon,9.01
Post_664,Carousel,533,140,177,9172,2023-10-24,Afternoon,9.27
Post_665,Video,541,950,359,50811,2023-10-06,Morning,3.64
Post_666,Reels,2251,376,815,47043,2023-08-16,Afternoon,7.32
Post_667,Carousel,855,101,86,12875,2023-06-23,Afternoon,8.09
Post_668,Carousel,310,497,494,26386,2023-03-27,Morning,4.93
Post_669,Video,4522,1233,944,67493,2023-03-11,Night,9.93
Post_670,Text,1000,220,171,26360,2023-07-18,Evening,5.28
Post_671,Reels,1484,357,75,18568,2023-12-17,Morning,10.32
Post_672,Video,4940,1059,1054,69460,2023-01-22,Afternoon,10.15
Post_673,Reels,2942,451,257,35250,2023-02-05,Afternoon,10.35
Post_674,Image,3413,537,117,39761,2023-04-15,Morning,10.23
Post_675,Text,1562,104,345,49081,2023-10-24,Afternoon,4.1
Post_676,Image,3932,372,261,41889,2023-09-03,Afternoon,10.9
Post_677,Carousel,1072,212,193,18559,2023-07-10,Afternoon,7.96
Post_678,Text,1530,271,485,29137,2023-11-16,Morning,7.85
Post_679,Reels,1207,131,573,29588,2023-06-24,Morning,6.46
Post_680,Video,4239,564,688,55679,2023-10-03,Evening,9.86
Post_681,Reels,348,127,144,8193,2023-05-24,Evening,7.56
Post_682,Image,1441,214,188,20005,2023-08-25,Afternoon,9.21
Post_683,Video,1933,310,26,25959,2023-06-07,Afternoon,8.74
Post_684,Video,5206,1118,160,91977,2023-07-24,Afternoon,7.05
Post_685,Image,753,49,273,14339,2023-04-08,Afternoon,7.5
Post_686,Reels,595,196,120,11160,2023-08-07,Afternoon,8.16
Post_687,Carousel,1924,306,227,24333,2023-12-25,Afternoon,10.1
Post_688,Reels,226,89,71,12260,2023-08-09,Morning,3.15
Post_689,Reels,278,166,149,16369,2023-09-24,Evening,3.62
Post_690,Video,821,298,192,32882,2023-01-21,Morning,3.99
Post_691,Reels,3012,509,482,49881,2023-06-28,Afternoon,8.03
Post_692,Video,4304,1231,706,86215,2023-04-07,Evening,7.24
Post_693,Image,3411,79,79,62774,2023-03-31,Night,5.69
Post_694,Image,1075,478,167,36735,2023-03-08,Evening,4.68
Post_695,Carousel,1387,598,324,33786,2023-09-25,Afternoon,6.83
Post_696,Reels,1771,433,263,30117,2023-02-27,Afternoon,8.19
Post_697,Reels,657,411,571,29521,2023-05-11,Afternoon,5.55
Post_698,Image,4820,604,1131,97698,2023-02-04,Evening,6.71
Post_699,Text,1070,76,64,16137,2023-09-12,Afternoon,7.5
Post_700,Carousel,2390,236,187,29943,2023-05-23,Evening,9.39
Post_701,Video,1665,315,419,29082,2023-10-29,Afternoon,8.25
Post_702,Video,8001,798,642,91349,2023-06-04,Evening,10.34
Post_703,Image,138,150,147,9919,2023-06-14,Evening,4.39
Post_704,Image,1355,730,675,60535,2023-03-31,Morning,4.56
Post_705,Video,3031,1600,1002,93823,2023-06-02,Evening,6.0
Post_706,Image,3911,1104,289,99859,2023-04-23,Night,5.31
Post_707,Reels,255,140,272,18576,2023-08-01,Morning,3.59
Post_708,Carousel,2368,153,653,41870,2023-11-01,Evening,7.58
Post_709,Carousel,1332,632,42,35586,2023-09-30,Morning,5.64
Post_710,Carousel,90,82,33,6248,2023-08-23,Morning,3.28
Post_711,Video,209,78,15,8438,2023-03-15,Afternoon,3.58
Post_712,Reels,1517,568,453,33375,2023-11-27,Afternoon,7.6
Post_713,Reels,833,76,167,12044,2023-07-25,Afternoon,8.93
Post_714,Video,65,12,13,3367,2023-04-14,Afternoon,2.67
Post_715,Video,8792,120,1321,91355,2023-05-21,Afternoon,11.2
Post_716,Reels,2350,685,412,38216,2023-08-03,Afternoon,9.02
Post_717,Text,527,572,62,31445,2023-09-30,Morning,3.69
Post_718,Text,412,67,336,29393,2023-02-28,Morning,2.77
Post_719,Carousel,1908,817,50,42025,2023-01-21,Afternoon,6.6
Post_720,Video,3427,273,870,55095,2023-09-11,Afternoon,8.29
Post_721,Text,3053,85,40,35026,2023-02-05,Evening,9.07
Post_722,Carousel,1769,130,238,29996,2023-02-15,Night,7.12
Post_723,Text,1158,459,418,28073,2023-11-28,Afternoon,7.25
Post_724,Text,1276,117,105,13309,2023-02-12,Morning,11.26
Post_725,Video,350,22,26,21753,2023-06-19,Morning,1.83
Post_726,Video,7550,1691,627,87287,2023-10-11,Morning,11.31
Post_727,Reels,919,236,82,13824,2023-04-22,Evening,8.95
Post_728,Carousel,2068,845,269,48645,2023-07-23,Night,6.54
Post_729,Image,4369,743,930,82238,2023-07-28,Afternoon,7.35
Post_730,Video,1881,434,88,45329,2023-12-05,Evening,5.3
Post_731,Carousel,1282,876,793,49228,2023-03-17,Afternoon,5.99
Post_732,Text,2672,377,168,32690,2023-03-09,Night,9.84
Post_733,Carousel,671,154,165,17228,2023-10-17,Afternoon,5.75
Post_734,Reels,32,5,3,947,2023-10-31,Afternoon,4.22
Post_735,Video,3172,148,333,39602,2023-10-13,Afternoon,9.22
Post_736,Text,2196,513,500,28563,2023-06-16,Morning,11.23
Post_737,Video,2348,911,319,63780,2023-12-30,Afternoon,5.61
Post_738,Text,58,10,16,1781,2023-04-10,Morning,4.72
Post_739,Reels,280,44,141,9592,2023-10-13,Morning,4.85
Post_740,Video,2755,914,163,54819,2023-04-27,Afternoon,6.99
Post_741,Carousel,1211,168,123,13615,2023-08-04,Night,11.03
Post_742,Reels,871,101,29,13586,2023-12-07,Night,7.37
Post_743,Reels,899,340,287,19594,2023-12-02,Morning,7.79
Post_744,Text,497,349,139,21260,2023-01-05,Night,4.63
Post_745,Video,1443,45,197,34611,2023-09-27,Morning,4.87
Post_746,Image,5224,661,813,68976,2023-03-22,Afternoon,9.71
Post_747,Video,1617,566,189,65343,2023-06-15,Night,3.63
Post_748,Video,1018,206,120,11399,2023-05-14,Morning,11.79
Post_749,Reels,1041,156,342,27848,2023-07-16,Evening,5.53
Post_750,Image,2456,452,678,61999,2023-03-22,Night,5.78
Post_751,Video,7102,1650,1375,85764,2023-02-19,Afternoon,11.81
Post_752,Carousel,485,180,369,28983,2023-03-03,Morning,3.57
Post_753,Reels,2801,486,57,42940,2023-07-26,Evening,7.79
Post_754,Video,974,167,321,40769,2023-12-03,Morning,3.59
Post_755,Text,4225,815,297,48243,2023-11-12,Morning,11.06
Post_756,Reels,563,121,80,6445,2023-07-06,Evening,11.85
Post_757,Video,5031,861,869,56584,2023-07-22,Evening,11.95
Post_758,Video,4193,896,504,50471,2023-08-20,Afternoon,11.08
Post_759,Reels,802,391,64,34300,2023-01-27,Evening,3.66
Post_760,Video,198,147,56,8380,2023-06-30,Morning,4.79
Post_761,Carousel,38,44,16,2679,2023-06-29,Morning,3.66
Post_762,Text,1861,226,454,26751,2023-05-04,Morning,9.5
Post_763,Reels,447,298,296,16203,2023-11-16,Evening,6.42
Post_764,Video,5859,96,1361,95874,2023-08-27,Afternoon,7.63
Post_765,Video,612,279,602,46813,2023-11-22,Afternoon,3.19
Post_766,Text,170,3,10,2383,2023-02-11,Evening,7.68
Post_767,Text,280,119,182,17650,2023-03-22,Morning,3.29
Post_768,Text,404,99,125,7013,2023-04-17,Afternoon,8.95
Post_769,Image,4456,228,713,93465,2023-11-11,Morning,5.77
Post_770,Text,768,430,490,31413,2023-08-17,Morning,5.37
Post_771,Image,5492,1545,414,79819,2023-03-09,Morning,9.33
Post_772,Text,716,96,172,17201,2023-05-09,Morning,5.72
Post_773,Reels,1979,774,130,44397,2023-06-15,Afternoon,6.49
Post_774,Image,3182,288,923,47859,2023-07-27,Morning,9.18
Post_775,Reels,1187,74,150,15811,2023-02-27,Morning,8.92
Post_776,Reels,1631,184,287,24980,2023-12-02,Afternoon,8.41
Post_777,Carousel,4012,804,287,46558,2023-07-20,Morning,10.96
Post_778,Text,2337,205,381,24555,2023-06-17,Evening,11.9
Post_779,Image,744,72,37,24832,2023-04-13,Afternoon,3.44
Post_780,Video,4315,465,477,65419,2023-07-19,Afternoon,8.04
Post_781,Carousel,814,506,86,44592,2023-09-24,Afternoon,3.15
Post_782,Reels,3534,183,723,49834,2023-09-04,Evening,8.91
Post_783,Video,3055,877,318,58265,2023-12-24,Evening,7.29
Post_784,Reels,2023,180,487,25259,2023-10-02,Morning,10.65
Post_785,Video,1370,332,236,18728,2023-04-17,Morning,10.35
Post_786,Reels,1044,22,134,16797,2023-12-23,Afternoon,7.14
Post_787,Carousel,237,216,90,15327,2023-04-20,Morning,3.54
Post_788,Carousel,439,316,30,20090,2023-09-19,Morning,3.91
Post_789,Video,7450,239,1192,94589,2023-08-26,Night,9.39
Post_790,Video,1412,201,218,14226,2023-12-31,Morning,12.87
Post_791,Video,4418,122,153,44490,2023-05-07,Evening,10.55
Post_792,Carousel,1066,325,589,32800,2023-07-19,Afternoon,6.04
Post_793,Video,1442,218,123,15290,2023-05-24,Night,11.66
Post_794,Video,2880,336,94,46952,2023-04-20,Night,7.05
Post_795,Video,5544,64,351,61167,2023-09-13,Night,9.74
Post_796,Carousel,155,41,79,14444,2023-02-02,Morning,1.9
Post_797,Video,556,637,97,37522,2023-11-15,Night,3.44
Post_798,Reels,3695,709,216,43072,2023-01-03,Afternoon,10.73
Post_799,Text,1437,396,265,31881,2023-01-31,Night,6.58
Post_800,Video,3873,999,404,69040,2023-08-28,Afternoon,7.64
Post_801,Reels,477,46,427,22961,2023-05-04,Afternoon,4.14
Post_802,Video,2019,29,332,28585,2023-10-11,Night,8.33
Post_803,Carousel,1695,195,459,23626,2023-11-29,Afternoon,9.94
Post_804,Video,5679,1324,841,90479,2023-01-05,Afternoon,8.67
Post_805,Image,1431,390,415,21353,2023-07-10,Afternoon,10.47
Post_806,Carousel,742,715,241,45428,2023-07-25,Afternoon,3.74
Post_807,Image,1392,94,146,26437,2023-02-04,Morning,6.17
Post_808,Reels,476,44,40,30808,2023-04-03,Afternoon,1.82
Post_809,Video,5895,1391,678,81836,2023-11-21,Afternoon,9.73
Post_810,Text,1751,461,97,27619,2023-05-29,Afternoon,8.36
Post_811,Video,3995,420,867,61267,2023-05-30,Morning,8.62
Post_812,Image,4693,479,516,70970,2023-03-06,Evening,8.01
Post_813,Image,1113,234,302,17236,2023-11-03,Morning,9.57
Post_814,Reels,1325,354,76,24099,2023-07-03,Morning,7.28
Post_815,Image,2854,934,266,90104,2023-01-29,Afternoon,4.5
Post_816,Text,1490,227,455,24148,2023-02-08,Afternoon,8.99
Post_817,Carousel,289,74,96,6450,2023-03-23,Afternoon,7.12
Post_818,Carousel,513,57,88,28789,2023-07-04,Afternoon,2.29
Post_819,Reels,2986,433,320,47110,2023-04-21,Morning,7.94
Post_820,Reels,554,102,112,10016,2023-02-14,Afternoon,7.67
Post_821,Video,3775,363,389,42660,2023-04-11,Afternoon,10.61
Post_822,Carousel,123,12,31,1614,2023-01-16,Morning,10.29
Post_823,Video,1501,413,639,66603,2023-03-23,Afternoon,3.83
Post_824,Image,482,75,83,10078,2023-08-26,Morning,6.35
Post_825,Carousel,2549,307,104,30165,2023-01-12,Afternoon,9.81
Post_826,Carousel,1762,318,209,24327,2023-01-30,Morning,9.41
Post_827,Video,719,41,290,15337,2023-03-27,Afternoon,6.85
Post_828,Carousel,1142,662,259,45831,2023-07-20,Afternoon,4.5
Post_829,Text,2347,417,475,27512,2023-12-06,Evening,11.77
Post_830,Image,4278,1161,331,63000,2023-01-08,Afternoon,9.16
Post_831,Image,2446,185,283,26213,2023-10-06,Afternoon,11.12
Post_832,Video,4702,164,254,87305,2023-10-13,Afternoon,5.86
Post_833,Video,220,127,77,7143,2023-12-26,Morning,5.94
Post_834,Carousel,385,51,59,4775,2023-07-27,Evening,10.37
Post_835,Image,286,41,25,6105,2023-07-31,Evening,5.77
Post_836,Text,178,35,22,1817,2023-10-16,Afternoon,12.93
Post_837,Carousel,362,37,24,6415,2023-05-10,Evening,6.59
Post_838,Reels,808,72,110,10735,2023-03-01,Morning,9.22
Post_839,Image,2655,607,1153,57951,2023-02-08,Night,7.62
Post_840,Video,1018,1094,1462,81231,2023-06-25,Afternoon,4.4
Post_841,Video,652,1028,55,54929,2023-08-18,Morning,3.16
Post_842,Video,1208,911,1110,67702,2023-11-24,Morning,4.77
Post_843,Text,1684,106,597,49652,2023-04-01,Evening,4.81
Post_844,Image,2351,443,756,39371,2023-10-30,Afternoon,9.02
Post_845,Video,2667,104,215,30302,2023-04-02,Evening,9.85
Post_846,Carousel,4060,424,387,49714,2023-03-10,Morning,9.8
Post_847,Reels,143,64,11,3781,2023-08-13,Evening,5.77
Post_848,Image,245,130,149,8766,2023-11-25,Evening,5.98
Post_849,Image,43,23,13,1190,2023-12-11,Morning,6.64
Post_850,Video,5922,234,1756,88953,2023-01-26,Morning,8.89
Post_851,Video,3935,813,274,54551,2023-07-19,Evening,9.21
Post_852,Video,2839,601,1237,69239,2023-06-18,Afternoon,6.75
Post_853,Image,3474,240,377,35694,2023-09-25,Evening,11.46
Post_854,Image,9309,612,1810,95157,2023-08-14,Night,12.33
Post_855,Image,673,870,894,45951,2023-01-24,Night,5.3
Post_856,Text,1073,576,920,49547,2023-12-18,Afternoon,5.18
Post_857,Reels,90,62,30,5024,2023-03-01,Night,3.62
Post_858,Carousel,3117,201,90,39682,2023-06-15,Evening,8.59
Post_859,Carousel,944,113,145,9455,2023-01-14,Afternoon,12.71
Post_860,Text,3104,550,544,43905,2023-09-01,Afternoon,9.56
Post_861,Carousel,2356,148,98,30845,2023-05-05,Morning,8.44
Post_862,Image,2739,259,156,37130,2023-10-22,Evening,8.49
Post_863,Reels,1303,273,440,44637,2023-04-30,Evening,4.52
Post_864,Image,1923,930,322,50963,2023-10-11,Night,6.23
Post_865,Carousel,270,73,57,4932,2023-11-14,Morning,8.11
Post_866,Text,1236,458,217,29948,2023-03-08,Morning,6.38
Post_867,Video,9844,680,618,98620,2023-11-28,Morning,11.3
Post_868,Reels,515,146,70,11598,2023-05-09,Morning,6.3
Post_869,Video,5367,219,516,97197,2023-08-16,Afternoon,6.28
Post_870,Image,6269,414,374,79361,2023-07-23,Night,8.89
Post_871,Reels,2719,285,320,33657,2023-06-07,Evening,9.88
Post_872,Text,703,84,106,10242,2023-09-18,Afternoon,8.72
Post_873,Carousel,419,129,194,13102,2023-12-06,Afternoon,5.66
Post_874,Video,3277,600,765,50991,2023-10-20,Afternoon,9.1
Post_875,Text,3083,410,295,32182,2023-08-08,Morning,11.77
Post_876,Reels,1563,38,143,18916,2023-02-25,Afternoon,9.22
Post_877,Reels,1116,43,172,16819,2023-03-05,Evening,7.91
Post_878,Reels,2393,104,270,44476,2023-06-10,Afternoon,6.22
Post_879,Text,1378,87,265,19686,2023-10-23,Night,8.79
Post_880,Carousel,2856,230,128,38473,2023-06-25,Evening,8.35
Post_881,Image,1312,526,361,40549,2023-06-13,Afternoon,5.42
Post_882,Video,4877,1067,521,60429,2023-03-23,Afternoon,10.7
Post_883,Video,2759,327,429,37634,2023-04-18,Afternoon,9.34
Post_884,Reels,1250,130,234,13651,2023-08-15,Afternoon,11.82
Post_885,Video,1912,47,416,39819,2023-09-24,Afternoon,5.96
Post_886,Reels,267,251,500,25479,2023-07-09,Afternoon,4.0
Post_887,Video,2811,56,555,28192,2023-11-10,Afternoon,12.14
Post_888,Reels,948,457,59,27550,2023-04-10,Afternoon,5.31
Post_889,Carousel,2818,560,303,46142,2023-12-19,Evening,7.98
Post_890,Reels,2363,139,444,37932,2023-11-25,Night,7.77
Post_891,Video,3625,107,1009,50519,2023-11-13,Evening,9.38
Post_892,Reels,1108,88,124,11442,2023-01-23,Night,11.54
Post_893,Text,568,13,130,8198,2023-01-23,Night,8.67
Post_894,Video,1734,557,1327,73384,2023-03-19,Afternoon,4.93
Post_895,Text,1187,607,544,34003,2023-04-18,Afternoon,6.88
Post_896,Reels,1152,462,82,42180,2023-04-23,Morning,4.02
Post_897,Carousel,139,41,29,2551,2023-08-09,Evening,8.19
Post_898,Video,998,345,252,21336,2023-11-07,Afternoon,7.48
Post_899,Video,120,96,14,9594,2023-12-18,Night,2.4
Post_900,Video,4095,1075,1341,79429,2023-07-08,Afternoon,8.2
Post_901,Image,389,98,135,10549,2023-04-23,Evening,5.9
Post_902,Video,2023,186,566,29562,2023-01-26,Afternoon,9.39
Post_903,Video,2772,166,560,32954,2023-10-08,Morning,10.61
Post_904,Image,2586,164,196,46680,2023-06-26,Afternoon,6.31
Post_905,Video,7160,1387,1535,78634,2023-07-03,Afternoon,12.82
Post_906,Video,4091,1251,342,71385,2023-08-25,Morning,7.96
Post_907,Video,805,649,419,66135,2023-06-30,Afternoon,2.83
Post_908,Text,3317,327,243,42464,2023-06-23,Afternoon,9.15
Post_909,Image,3078,258,139,39170,2023-02-08,Morning,8.87
Post_910,Video,7859,1142,700,80202,2023-07-17,Afternoon,12.1
Post_911,Carousel,752,74,61,10022,2023-04-11,Afternoon,8.85
Post_912,Reels,83,9,7,1072,2023-05-12,Afternoon,9.24
Post_913,Image,1193,764,356,53364,2023-03-20,Evening,4.33
Post_914,Reels,2299,481,393,48668,2023-05-26,Afternoon,6.52
Post_915,Carousel,95,12,3,1178,2023-05-03,Afternoon,9.34
Post_916,Reels,525,16,46,5742,2023-02-09,Morning,10.22
Post_917,Image,649,229,359,19630,2023-10-18,Afternoon,6.3
Post_918,Text,3717,465,690,46022,2023-01-07,Evening,10.59
Post_919,Text,933,181,180,9878,2023-03-24,Night,13.1
Post_920,Reels,382,517,368,34355,2023-02-01,Evening,3.69
Post_921,Carousel,354,97,74,8026,2023-05-17,Morning,6.54
Post_922,Carousel,4343,491,823,44135,2023-09-11,Afternoon,12.82
Post_923,Video,1407,43,121,27501,2023-04-10,Afternoon,5.71
Post_924,Carousel,549,132,82,7693,2023-11-13,Afternoon,9.92
Post_925,Reels,2264,129,457,37715,2023-05-31,Afternoon,7.56
Post_926,Carousel,1093,345,249,33769,2023-08-24,Afternoon,5.0
Post_927,Carousel,1586,609,72,40639,2023-02-01,Evening,5.58
Post_928,Reels,164,42,35,4677,2023-08-16,Morning,5.15
Post_929,Video,1885,380,256,36807,2023-09-15,Morning,6.85
Post_930,Video,4925,479,907,94091,2023-09-06,Evening,6.71
Post_931,Image,6596,1575,1556,81199,2023-10-23,Afternoon,11.98
Post_932,Video,1228,1018,791,66222,2023-08-09,Evening,4.59
Post_933,Image,2485,183,879,44153,2023-12-20,Evening,8.03
Post_934,Video,3362,884,237,50711,2023-10-02,Afternoon,8.84
Post_935,Carousel,815,419,42,22315,2023-09-21,Afternoon,5.72
Post_936,Carousel,475,146,68,8284,2023-04-28,Morning,8.32
Post_937,Video,895,607,688,41389,2023-03-31,Morning,5.29
Post_938,Carousel,677,80,712,38526,2023-01-08,Afternoon,3.81
Post_939,Image,799,1105,846,64987,2023-11-24,Morning,4.23
Post_940,Reels,25,4,1,671,2023-02-06,Afternoon,4.47
Post_941,Image,4041,1700,568,93119,2023-12-11,Afternoon,6.78
Post_942,Reels,1071,97,69,17641,2023-10-14,Afternoon,7.01
Post_943,Image,3104,934,983,63968,2023-09-30,Evening,7.85
Post_944,Video,2117,861,116,57918,2023-03-06,Morning,5.34
Post_945,Carousel,4075,670,452,41595,2023-07-08,Afternoon,12.49
Post_946,Video,5074,139,635,60270,2023-05-09,Afternoon,9.7
Post_947,Video,4463,644,1198,71788,2023-09-08,Morning,8.78
Post_948,Video,2024,603,355,36237,2023-07-11,Morning,8.23
Post_949,Image,6402,966,542,64838,2023-09-07,Morning,12.2
Post_950,Video,864,237,405,22086,2023-01-07,Morning,6.82
Post_951,Carousel,273,78,135,24713,2023-11-23,Evening,1.97
Post_952,Text,1606,688,239,41310,2023-04-06,Night,6.13
Post_953,Video,4912,650,248,59990,2023-06-06,Evening,9.68
Post_954,Image,1545,271,456,37863,2023-02-24,Morning,6.0
Post_955,Carousel,1204,70,309,25190,2023-07-09,Afternoon,6.28
Post_956,Text,685,224,82,11788,2023-01-28,Afternoon,8.41
Post_957,Carousel,3236,858,687,44774,2023-10-13,Afternoon,10.68
Post_958,Carousel,1131,169,441,25331,2023-12-13,Afternoon,6.87
Post_959,Video,4932,171,739,61712,2023-04-01,Morning,9.47
Post_960,Reels,818,50,252,13932,2023-05-25,Afternoon,8.04
Post_961,Image,1384,32,292,16931,2023-10-22,Night,10.09
Post_962,Video,2214,1152,913,74328,2023-08-23,Morning,5.76
Post_963,Video,5308,898,1387,93080,2023-11-11,Morning,8.16
Post_964,Video,1596,115,386,23002,2023-07-10,Morning,9.12
Post_965,Carousel,917,38,36,11487,2023-03-10,Morning,8.63
Post_966,Image,950,29,489,28112,2023-06-23,Morning,5.22
Post_967,Video,2952,1057,547,72675,2023-04-13,Afternoon,6.27
Post_968,Video,1272,482,530,26903,2023-02-19,Afternoon,8.49
Post_969,Carousel,3541,168,548,35970,2023-08-10,Evening,11.83
Post_970,Video,526,171,92,16977,2023-05-06,Afternoon,4.65
Post_971,Video,209,59,17,5118,2023-12-24,Afternoon,5.57
Post_972,Carousel,633,270,441,29834,2023-02-27,Morning,4.5
Post_973,Image,2063,223,1635,96510,2023-11-28,Evening,4.06
Post_974,Image,985,51,56,24262,2023-05-16,Afternoon,4.5
Post_975,Reels,425,29,57,8899,2023-09-21,Afternoon,5.74
Post_976,Image,2782,652,1287,83507,2023-09-07,Afternoon,5.65
Post_977,Image,2115,88,330,52720,2023-10-15,Morning,4.8
Post_978,Image,234,115,308,16849,2023-08-07,Afternoon,3.9
Post_979,Video,4985,455,1215,88730,2023-10-27,Evening,7.5
Post_980,Video,5257,311,273,87411,2023-04-28,Evening,6.68
Post_981,Reels,465,47,108,13311,2023-07-12,Evening,4.66
Post_982,Image,4616,282,995,57244,2023-12-08,Night,10.29
Post_983,Carousel,3934,448,379,45312,2023-02-15,Afternoon,10.51
Post_984,Carousel,342,23,58,17687,2023-08-25,Afternoon,2.39
Post_985,Carousel,2253,811,568,45012,2023-05-27,Morning,8.07
Post_986,Reels,333,147,108,7785,2023-11-02,Afternoon,7.55
Post_987,Image,3743,781,498,59033,2023-11-15,Afternoon,8.51
Post_988,Carousel,112,26,16,3074,2023-10-21,Afternoon,5.01
Post_989,Carousel,2704,404,45,28811,2023-06-07,Morning,10.94
Post_990,Reels,2383,428,172,29217,2023-03-31,Morning,10.21
Post_991,Video,2706,546,117,29467,2023-01-03,Afternoon,11.43
Post_992,Video,3093,83,650,81263,2023-05-23,Afternoon,4.71
Post_993,Reels,979,359,330,29194,2023-09-16,Afternoon,5.71
Post_994,Carousel,4097,459,114,42056,2023-01-31,Afternoon,11.1
Post_995,Video,734,62,27,12191,2023-12-22,Evening,6.75
Post_996,Video,3582,825,955,87579,2023-12-12,Evening,6.12
Post_997,Text,2865,337,50,36276,2023-06-26,Evening,8.96
Post_998,Carousel,3118,525,603,31818,2023-09-13,Afternoon,13.34
Post_999,Carousel,460,102,38,5190,2023-05-19,Morning,11.56
Post_1000,Video,1314,592,376,33670,2023-08-20,Night,6.78
